dim,vcycle_converged_with_allocation,vcycle_time_with_allocation,vcycle_iterations_with_allocation,wcycle_converged_with_allocation,wcycle_time_with_allocation,wcycle_iterations_with_allocation,standard_converged_with_allocation,standard_time_with_allocation,standard_iterations_with_allocation,vcycle_converged_no_allocation,vcycle_time_no_allocation,vcycle_iterations_no_allocation,wcycle_converged_no_allocation,wcycle_time_no_allocation,wcycle_iterations_no_allocation,standard_converged_no_allocation,standard_time_no_allocation,standard_iterations_no_allocation,vcycle_wu,wcycle_wu,standard_wu
16,1,1.5311615467071533,8,1,1.8575804233551025,8,,,,1,0.26678013801574707,8,1,0.4791700839996338,8,,,,71.71875,101.25,
32,1,1.8957171440124512,12,1,2.4686009883880615,11,,,,1,0.3831751346588135,12,1,0.8015506267547607,11,,,,103.8984375,139.5,
64,1,2.32712721824646,14,1,3.3350095748901367,10,,,,1,0.53157639503479,14,1,1.2824349403381348,10,,,,119.970703125,129.9375,
128,1,2.8877291679382324,15,1,4.179455995559692,8,,,,1,0.6415233612060547,15,1,1.8301575183868408,8,,,,127.9921875,107.15625,
256,1,3.7692205905914307,15,1,6.106251239776611,8,,,,1,0.7874910831451416,15,1,3.0111825466156006,8,,,,127.998046875,107.578125,
512,1,5.150676250457764,15,1,9.264864921569824,7,,,,1,0.9929864406585693,15,1,4.684913635253906,7,,,,127.99951171875,95.8125,
1024,1,10.355337619781494,15,1,17.738137245178223,7,,,,1,1.507948875427246,15,1,8.536908864974976,7,,,,127.9998779296875,95.90625,
2048,1,29.497770071029663,16,1,42.66839861869812,7,,,,1,3.382564067840576,16,1,16.131781339645386,7,,,,135.99996757507324,95.953125,
16,,,,,,,1,0.19728970527648926,100,,,,,,,1,0.03387594223022461,100,,,101.0
21,,,,,,,1,0.3009028434753418,200,,,,,,,1,0.03828930854797363,200,,,201.0
27,,,,,,,1,0.2035682201385498,200,,,,,,,1,0.03829526901245117,200,,,201.0
35,,,,,,,1,0.31432676315307617,400,,,,,,,1,0.04731893539428711,400,,,401.0
46,,,,,,,1,0.23971247673034668,800,,,,,,,1,0.06653189659118652,800,,,801.0
60,,,,,,,1,0.3753783702850342,1400,,,,,,,1,0.09281492233276367,1400,,,1401.0
78,,,,,,,1,0.4258875846862793,2300,,,,,,,1,0.13416743278503418,2300,,,2301.0
101,,,,,,,1,0.43703770637512207,3900,,,,,,,1,0.2089376449584961,3900,,,3901.0
131,,,,,,,1,0.6956732273101807,6700,,,,,,,1,0.3349156379699707,6700,,,6701.0
170,,,,,,,1,1.0758345127105713,11200,,,,,,,1,0.6402275562286377,11200,,,11201.0
221,,,,,,,1,2.000697374343872,19000,,,,,,,1,1.5614526271820068,19000,,,19001.0
287,,,,,,,1,4.55050253868103,32100,,,,,,,1,3.892001152038574,32100,,,32101.0
373,,,,,,,1,12.5119469165802,54300,,,,,,,1,11.444279432296753,54300,,,54301.0
485,,,,,,,1,32.86107349395752,91800,,,,,,,1,31.257137298583984,91800,,,91801.0
630,,,,,,,1,91.13030958175659,155000,,,,,,,1,88.74462175369263,155000,,,155001.0
16,1,1.3783535957336426,8,1,1.8540799617767334,8,,,,1,0.26986265182495117,8,1,0.48476243019104004,8,,,,71.71875,101.25,
32,1,1.8792812824249268,12,1,2.4800920486450195,11,,,,1,0.3827400207519531,12,1,0.8143250942230225,11,,,,103.8984375,139.5,
64,1,2.2908241748809814,14,1,3.2644996643066406,10,,,,1,0.5029966831207275,14,1,1.273629903793335,10,,,,119.970703125,129.9375,
128,1,3.034738779067993,15,1,4.1977903842926025,8,,,,1,0.6522090435028076,15,1,1.8494665622711182,8,,,,127.9921875,107.15625,
256,1,3.757686138153076,15,1,6.070825815200806,8,,,,1,0.7860021591186523,15,1,2.869586229324341,8,,,,127.998046875,107.578125,
512,1,5.087596654891968,15,1,9.172338962554932,7,,,,1,0.9918124675750732,15,1,4.6639838218688965,7,,,,127.99951171875,95.8125,
1024,1,10.519495248794556,15,1,17.184062242507935,7,,,,1,1.5229995250701904,15,1,8.037179708480835,7,,,,127.9998779296875,95.90625,
2048,1,31.49585485458374,16,1,43.59926247596741,7,,,,1,3.3740108013153076,16,1,14.947020769119263,7,,,,135.99996757507324,95.953125,
16,,,,,,,1,0.2936832904815674,100,,,,,,,1,0.03339862823486328,100,,,101.0
21,,,,,,,1,0.20047950744628906,200,,,,,,,1,0.03803253173828125,200,,,201.0
27,,,,,,,1,0.3023836612701416,200,,,,,,,1,0.03786182403564453,200,,,201.0
35,,,,,,,1,0.31512975692749023,400,,,,,,,1,0.04723358154296875,400,,,401.0
46,,,,,,,1,0.34878969192504883,800,,,,,,,1,0.06920576095581055,800,,,801.0
60,,,,,,,1,0.4376983642578125,1400,,,,,,,1,0.09457731246948242,1400,,,1401.0
78,,,,,,,1,0.3285095691680908,2300,,,,,,,1,0.13350486755371094,2300,,,2301.0
101,,,,,,,1,0.518657922744751,3900,,,,,,,1,0.2038891315460205,3900,,,3901.0
131,,,,,,,1,0.5822937488555908,6700,,,,,,,1,0.3309135437011719,6700,,,6701.0
170,,,,,,,1,0.9898741245269775,11200,,,,,,,1,0.6417398452758789,11200,,,11201.0
221,,,,,,,1,2.117307662963867,19000,,,,,,,1,1.5614674091339111,19000,,,19001.0
287,,,,,,,1,4.629323244094849,32100,,,,,,,1,3.891913890838623,32100,,,32101.0
373,,,,,,,1,12.41954779624939,54300,,,,,,,1,11.442126512527466,54300,,,54301.0
485,,,,,,,1,32.71831297874451,91800,,,,,,,1,31.25786805152893,91800,,,91801.0
630,,,,,,,1,91.00571417808533,155000,,,,,,,1,88.71492600440979,155000,,,155001.0
16,1,1.3698532581329346,8,1,1.8392384052276611,8,,,,1,0.2702474594116211,8,1,0.4833946228027344,8,,,,71.71875,101.25,
32,1,1.8903288841247559,12,1,2.4600300788879395,11,,,,1,0.3825075626373291,12,1,0.8218188285827637,11,,,,103.8984375,139.5,
64,1,2.2757134437561035,14,1,3.2935080528259277,10,,,,1,0.5126981735229492,14,1,1.2233188152313232,10,,,,119.970703125,129.9375,
128,1,2.90679669380188,15,1,4.296415090560913,8,,,,1,0.7018578052520752,15,1,1.8200130462646484,8,,,,127.9921875,107.15625,
256,1,3.785191297531128,15,1,6.146246910095215,8,,,,1,0.7892856597900391,15,1,3.051180362701416,8,,,,127.998046875,107.578125,
512,1,5.099452018737793,15,1,9.252532720565796,7,,,,1,0.9989454746246338,15,1,4.723265171051025,7,,,,127.99951171875,95.8125,
1024,1,10.60914134979248,15,1,18.031164407730103,7,,,,1,1.5191903114318848,15,1,8.6176438331604,7,,,,127.9998779296875,95.90625,
2048,1,30.21870446205139,16,1,42.36780619621277,7,,,,1,3.371511936187744,16,1,15.096967220306396,7,,,,135.99996757507324,95.953125,
16,,,,,,,1,0.29430556297302246,100,,,,,,,1,0.033536672592163086,100,,,101.0
21,,,,,,,1,0.2012786865234375,200,,,,,,,1,0.038317203521728516,200,,,201.0
27,,,,,,,1,0.29695725440979004,200,,,,,,,1,0.03756356239318848,200,,,201.0
35,,,,,,,1,0.2096693515777588,400,,,,,,,1,0.04686617851257324,400,,,401.0
46,,,,,,,1,0.3345780372619629,800,,,,,,,1,0.06464719772338867,800,,,801.0
60,,,,,,,1,0.2761037349700928,1400,,,,,,,1,0.09314227104187012,1400,,,1401.0
78,,,,,,,1,0.4267449378967285,2300,,,,,,,1,0.13207006454467773,2300,,,2301.0
101,,,,,,,1,0.426663875579834,3900,,,,,,,1,0.2058887481689453,3900,,,3901.0
131,,,,,,,1,0.6883063316345215,6700,,,,,,,1,0.33362650871276855,6700,,,6701.0
170,,,,,,,1,0.9896640777587891,11200,,,,,,,1,0.6390602588653564,11200,,,11201.0
221,,,,,,,1,2.024491786956787,19000,,,,,,,1,1.5629446506500244,19000,,,19001.0
287,,,,,,,1,4.643568992614746,32100,,,,,,,1,3.892383098602295,32100,,,32101.0
373,,,,,,,1,12.358794689178467,54300,,,,,,,1,11.444384098052979,54300,,,54301.0
485,,,,,,,1,32.70055890083313,91800,,,,,,,1,31.257985591888428,91800,,,91801.0
630,,,,,,,1,91.08933234214783,155000,,,,,,,1,88.70645713806152,155000,,,155001.0
16,1,1.3662359714508057,8,1,1.849769115447998,8,,,,1,0.2678055763244629,8,1,0.5027263164520264,8,,,,71.71875,101.25,
32,1,1.8867666721343994,12,1,2.4819397926330566,11,,,,1,0.3885667324066162,12,1,0.8355259895324707,11,,,,103.8984375,139.5,
64,1,2.2673888206481934,14,1,3.268436908721924,10,,,,1,0.513662576675415,14,1,1.2769451141357422,10,,,,119.970703125,129.9375,
128,1,2.9341821670532227,15,1,4.175744533538818,8,,,,1,0.6351375579833984,15,1,1.8775732517242432,8,,,,127.9921875,107.15625,
256,1,3.7550482749938965,15,1,6.049062967300415,8,,,,1,0.789069652557373,15,1,2.8348214626312256,8,,,,127.998046875,107.578125,
512,1,5.067116022109985,15,1,9.308918952941895,7,,,,1,0.9915704727172852,15,1,4.664225816726685,7,,,,127.99951171875,95.8125,
1024,1,10.408331394195557,15,1,17.901376724243164,7,,,,1,1.5174574851989746,15,1,8.644318342208862,7,,,,127.9998779296875,95.90625,
2048,1,29.94545340538025,16,1,43.362611532211304,7,,,,1,3.3826189041137695,16,1,16.43224811553955,7,,,,135.99996757507324,95.953125,
16,,,,,,,1,0.303102970123291,100,,,,,,,1,0.03531289100646973,100,,,101.0
21,,,,,,,1,0.20395827293395996,200,,,,,,,1,0.037766218185424805,200,,,201.0
27,,,,,,,1,0.3021705150604248,200,,,,,,,1,0.0376896858215332,200,,,201.0
35,,,,,,,1,0.21163392066955566,400,,,,,,,1,0.04693150520324707,400,,,401.0
46,,,,,,,1,0.238175630569458,800,,,,,,,1,0.06564044952392578,800,,,801.0
60,,,,,,,1,0.2744128704071045,1400,,,,,,,1,0.09252119064331055,1400,,,1401.0
78,,,,,,,1,0.42601537704467773,2300,,,,,,,1,0.13342571258544922,2300,,,2301.0
101,,,,,,,1,0.5227320194244385,3900,,,,,,,1,0.20158720016479492,3900,,,3901.0
131,,,,,,,1,0.6858475208282471,6700,,,,,,,1,0.3356635570526123,6700,,,6701.0
170,,,,,,,1,1.083866834640503,11200,,,,,,,1,0.6397461891174316,11200,,,11201.0
221,,,,,,,1,2.007343053817749,19000,,,,,,,1,1.563572883605957,19000,,,19001.0
287,,,,,,,1,4.653455972671509,32100,,,,,,,1,3.89109206199646,32100,,,32101.0
373,,,,,,,1,12.422288656234741,54300,,,,,,,1,11.433912754058838,54300,,,54301.0
485,,,,,,,1,32.70712208747864,91800,,,,,,,1,31.2590069770813,91800,,,91801.0
630,,,,,,,1,91.1107759475708,155000,,,,,,,1,88.72896838188171,155000,,,155001.0
16,1,1.3678927421569824,8,1,1.8344764709472656,8,,,,1,0.2685425281524658,8,1,0.47202181816101074,8,,,,71.71875,101.25,
32,1,1.8740501403808594,12,1,2.442302703857422,11,,,,1,0.3872685432434082,12,1,0.8257591724395752,11,,,,103.8984375,139.5,
64,1,2.27787184715271,14,1,3.226022481918335,10,,,,1,0.5049903392791748,14,1,1.2208073139190674,10,,,,119.970703125,129.9375,
128,1,2.90153169631958,15,1,4.170021295547485,8,,,,1,0.648890495300293,15,1,1.8610985279083252,8,,,,127.9921875,107.15625,
256,1,3.7522923946380615,15,1,6.437807321548462,8,,,,1,0.784386396408081,15,1,2.9681050777435303,8,,,,127.998046875,107.578125,
512,1,5.069813251495361,15,1,9.272632122039795,7,,,,1,0.989814281463623,15,1,4.651030778884888,7,,,,127.99951171875,95.8125,
1024,1,10.266862154006958,15,1,17.801469564437866,7,,,,1,1.4938533306121826,15,1,8.532767057418823,7,,,,127.9998779296875,95.90625,
2048,1,30.606857776641846,16,1,42.63773322105408,7,,,,1,3.3777568340301514,16,1,14.934576034545898,7,,,,135.99996757507324,95.953125,
16,,,,,,,1,0.2924773693084717,100,,,,,,,1,0.03330636024475098,100,,,101.0
21,,,,,,,1,0.19928383827209473,200,,,,,,,1,0.037897348403930664,200,,,201.0
27,,,,,,,1,0.1996777057647705,200,,,,,,,1,0.03859734535217285,200,,,201.0
35,,,,,,,1,0.21100783348083496,400,,,,,,,1,0.046053409576416016,400,,,401.0
46,,,,,,,1,0.33522558212280273,800,,,,,,,1,0.0650930404663086,800,,,801.0
60,,,,,,,1,0.37338948249816895,1400,,,,,,,1,0.09194731712341309,1400,,,1401.0
78,,,,,,,1,0.4290428161621094,2300,,,,,,,1,0.13428068161010742,2300,,,2301.0
101,,,,,,,1,0.5262246131896973,3900,,,,,,,1,0.20614957809448242,3900,,,3901.0
131,,,,,,,1,0.5881876945495605,6700,,,,,,,1,0.33759045600891113,6700,,,6701.0
170,,,,,,,1,1.0905070304870605,11200,,,,,,,1,0.6390054225921631,11200,,,11201.0
221,,,,,,,1,2.1113908290863037,19000,,,,,,,1,1.5609090328216553,19000,,,19001.0
287,,,,,,,1,4.518798828125,32100,,,,,,,1,3.8913207054138184,32100,,,32101.0
373,,,,,,,1,12.478148937225342,54300,,,,,,,1,11.439844131469727,54300,,,54301.0
485,,,,,,,1,32.83484721183777,91800,,,,,,,1,31.258528232574463,91800,,,91801.0
630,,,,,,,1,91.01701307296753,155000,,,,,,,1,88.71776986122131,155000,,,155001.0
16,1,1.3705286979675293,8,1,1.8468174934387207,8,,,,1,0.2684016227722168,8,1,0.47232651710510254,8,,,,71.71875,101.25,
32,1,1.869062900543213,12,1,2.4463651180267334,11,,,,1,0.3819313049316406,12,1,0.8057894706726074,11,,,,103.8984375,139.5,
64,1,2.27968692779541,14,1,3.2745399475097656,10,,,,1,0.5086958408355713,14,1,1.2687318325042725,10,,,,119.970703125,129.9375,
128,1,2.8955893516540527,15,1,4.190993785858154,8,,,,1,0.643779993057251,15,1,1.835965633392334,8,,,,127.9921875,107.15625,
256,1,3.7766809463500977,15,1,6.098507881164551,8,,,,1,0.7939174175262451,15,1,2.8728063106536865,8,,,,127.998046875,107.578125,
512,1,5.136871576309204,15,1,9.238593339920044,7,,,,1,1.0002245903015137,15,1,4.617675065994263,7,,,,127.99951171875,95.8125,
1024,1,10.344614744186401,15,1,17.722639799118042,7,,,,1,1.5204074382781982,15,1,8.538477897644043,7,,,,127.9998779296875,95.90625,
2048,1,29.229416847229004,16,1,42.51335787773132,7,,,,1,3.382734775543213,16,1,15.924876928329468,7,,,,135.99996757507324,95.953125,
16,,,,,,,1,0.2951033115386963,100,,,,,,,1,0.033911705017089844,100,,,101.0
21,,,,,,,1,0.2988889217376709,200,,,,,,,1,0.03843998908996582,200,,,201.0
27,,,,,,,1,0.29962992668151855,200,,,,,,,1,0.03798222541809082,200,,,201.0
35,,,,,,,1,0.21485280990600586,400,,,,,,,1,0.04707050323486328,400,,,401.0
46,,,,,,,1,0.3356187343597412,800,,,,,,,1,0.06516408920288086,800,,,801.0
60,,,,,,,1,0.3729381561279297,1400,,,,,,,1,0.09349274635314941,1400,,,1401.0
78,,,,,,,1,0.430783748626709,2300,,,,,,,1,0.13454174995422363,2300,,,2301.0
101,,,,,,,1,0.41802048683166504,3900,,,,,,,1,0.20486164093017578,3900,,,3901.0
131,,,,,,,1,0.5920217037200928,6700,,,,,,,1,0.3343086242675781,6700,,,6701.0
170,,,,,,,1,1.0049009323120117,11200,,,,,,,1,0.6399662494659424,11200,,,11201.0
221,,,,,,,1,2.134958028793335,19000,,,,,,,1,1.5614395141601562,19000,,,19001.0
287,,,,,,,1,4.668511390686035,32100,,,,,,,1,3.8917903900146484,32100,,,32101.0
373,,,,,,,1,12.470874071121216,54300,,,,,,,1,11.432782173156738,54300,,,54301.0
485,,,,,,,1,32.69893503189087,91800,,,,,,,1,31.255019903182983,91800,,,91801.0
630,,,,,,,1,91.09292840957642,155000,,,,,,,1,88.72108697891235,155000,,,155001.0
16,1,1.356508731842041,8,1,1.842991590499878,8,,,,1,0.27164673805236816,8,1,0.4937310218811035,8,,,,71.71875,101.25,
32,1,1.885232925415039,12,1,2.4827277660369873,11,,,,1,0.3838844299316406,12,1,0.8230457305908203,11,,,,103.8984375,139.5,
64,1,2.2830798625946045,14,1,3.224688768386841,10,,,,1,0.5060579776763916,14,1,1.2672369480133057,10,,,,119.970703125,129.9375,
128,1,2.9021918773651123,15,1,4.102797746658325,8,,,,1,0.638629674911499,15,1,1.7401082515716553,8,,,,127.9921875,107.15625,
256,1,3.7789337635040283,15,1,6.10703444480896,8,,,,1,0.7938728332519531,15,1,2.956507682800293,8,,,,127.998046875,107.578125,
512,1,5.077383041381836,15,1,9.142782211303711,7,,,,1,0.9880318641662598,15,1,4.625137805938721,7,,,,127.99951171875,95.8125,
1024,1,10.314767599105835,15,1,17.517610788345337,7,,,,1,1.5055334568023682,15,1,8.345126867294312,7,,,,127.9998779296875,95.90625,
2048,1,29.676414728164673,16,1,42.97804045677185,7,,,,1,3.3649091720581055,16,1,16.311243534088135,7,,,,135.99996757507324,95.953125,
16,,,,,,,1,0.2952611446380615,100,,,,,,,1,0.033496856689453125,100,,,101.0
21,,,,,,,1,0.30011677742004395,200,,,,,,,1,0.037995100021362305,200,,,201.0
27,,,,,,,1,0.3015437126159668,200,,,,,,,1,0.03803253173828125,200,,,201.0
35,,,,,,,1,0.21499300003051758,400,,,,,,,1,0.04741024971008301,400,,,401.0
46,,,,,,,1,0.33350467681884766,800,,,,,,,1,0.0649564266204834,800,,,801.0
60,,,,,,,1,0.37159180641174316,1400,,,,,,,1,0.09241771697998047,1400,,,1401.0
78,,,,,,,1,0.42836618423461914,2300,,,,,,,1,0.13435101509094238,2300,,,2301.0
101,,,,,,,1,0.5247774124145508,3900,,,,,,,1,0.2114720344543457,3900,,,3901.0
131,,,,,,,1,0.689462423324585,6700,,,,,,,1,0.3328573703765869,6700,,,6701.0
170,,,,,,,1,1.0834369659423828,11200,,,,,,,1,0.6400864124298096,11200,,,11201.0
221,,,,,,,1,2.023836612701416,19000,,,,,,,1,1.5614628791809082,19000,,,19001.0
287,,,,,,,1,4.67839241027832,32100,,,,,,,1,3.8919920921325684,32100,,,32101.0
373,,,,,,,1,12.463999509811401,54300,,,,,,,1,11.43620228767395,54300,,,54301.0
485,,,,,,,1,32.71999931335449,91800,,,,,,,1,31.255165100097656,91800,,,91801.0
630,,,,,,,1,91.08551454544067,155000,,,,,,,1,88.71383142471313,155000,,,155001.0
16,1,1.3676769733428955,8,1,1.8421061038970947,8,,,,1,0.26725172996520996,8,1,0.4761841297149658,8,,,,71.71875,101.25,
32,1,1.8735616207122803,12,1,2.4706244468688965,11,,,,1,0.37720227241516113,12,1,0.7905735969543457,11,,,,103.8984375,139.5,
64,1,2.303677558898926,14,1,3.261016845703125,10,,,,1,0.508960485458374,14,1,1.2713897228240967,10,,,,119.970703125,129.9375,
128,1,2.8897809982299805,15,1,4.186250925064087,8,,,,1,0.6373116970062256,15,1,1.7928199768066406,8,,,,127.9921875,107.15625,
256,1,3.766127347946167,15,1,6.12152099609375,8,,,,1,0.7872371673583984,15,1,2.9062931537628174,8,,,,127.998046875,107.578125,
512,1,5.206378698348999,15,1,9.409744024276733,7,,,,1,0.9907670021057129,15,1,4.592721462249756,7,,,,127.99951171875,95.8125,
1024,1,10.46904969215393,15,1,17.84907054901123,7,,,,1,1.5069036483764648,15,1,8.2474045753479,7,,,,127.9998779296875,95.90625,
2048,1,29.41152811050415,16,1,42.26863074302673,7,,,,1,3.3810977935791016,16,1,16.07994794845581,7,,,,135.99996757507324,95.953125,
16,,,,,,,1,0.2937169075012207,100,,,,,,,1,0.033138275146484375,100,,,101.0
21,,,,,,,1,0.3006000518798828,200,,,,,,,1,0.03848743438720703,200,,,201.0
27,,,,,,,1,0.30078744888305664,200,,,,,,,1,0.03753781318664551,200,,,201.0
35,,,,,,,1,0.21467232704162598,400,,,,,,,1,0.04741382598876953,400,,,401.0
46,,,,,,,1,0.24420619010925293,800,,,,,,,1,0.06607413291931152,800,,,801.0
60,,,,,,,1,0.366901159286499,1400,,,,,,,1,0.0908803939819336,1400,,,1401.0
78,,,,,,,1,0.42922234535217285,2300,,,,,,,1,0.13487625122070312,2300,,,2301.0
101,,,,,,,1,0.4212329387664795,3900,,,,,,,1,0.20451688766479492,3900,,,3901.0
131,,,,,,,1,0.684666633605957,6700,,,,,,,1,0.33295369148254395,6700,,,6701.0
170,,,,,,,1,0.9908139705657959,11200,,,,,,,1,0.639582633972168,11200,,,11201.0
221,,,,,,,1,2.01188063621521,19000,,,,,,,1,1.562058925628662,19000,,,19001.0
287,,,,,,,1,4.638723373413086,32100,,,,,,,1,3.891876220703125,32100,,,32101.0
373,,,,,,,1,12.368562936782837,54300,,,,,,,1,11.440851211547852,54300,,,54301.0
485,,,,,,,1,32.7833251953125,91800,,,,,,,1,31.254977464675903,91800,,,91801.0
630,,,,,,,1,91.10119676589966,155000,,,,,,,1,88.7240424156189,155000,,,155001.0
16,1,1.3642854690551758,8,1,1.852452278137207,8,,,,1,0.26969337463378906,8,1,0.47832202911376953,8,,,,71.71875,101.25,
32,1,1.920560598373413,12,1,2.4644501209259033,11,,,,1,0.3841691017150879,12,1,0.8017578125,11,,,,103.8984375,139.5,
64,1,2.292996406555176,14,1,3.2876813411712646,10,,,,1,0.5093896389007568,14,1,1.2167019844055176,10,,,,119.970703125,129.9375,
128,1,2.901583194732666,15,1,4.167875528335571,8,,,,1,0.6489357948303223,15,1,1.7738523483276367,8,,,,127.9921875,107.15625,
256,1,3.7544634342193604,15,1,6.086226940155029,8,,,,1,0.7883987426757812,15,1,2.9894471168518066,8,,,,127.998046875,107.578125,
512,1,5.060106039047241,15,1,9.156866788864136,7,,,,1,0.9891135692596436,15,1,4.578152656555176,7,,,,127.99951171875,95.8125,
1024,1,10.487795114517212,15,1,17.925553798675537,7,,,,1,1.51713228225708,15,1,8.517296314239502,7,,,,127.9998779296875,95.90625,
2048,1,29.58076024055481,16,1,43.17176055908203,7,,,,1,3.372205972671509,16,1,16.245893955230713,7,,,,135.99996757507324,95.953125,
16,,,,,,,1,0.19411110877990723,100,,,,,,,1,0.033078908920288086,100,,,101.0
21,,,,,,,1,0.2014315128326416,200,,,,,,,1,0.038155317306518555,200,,,201.0
27,,,,,,,1,0.30120348930358887,200,,,,,,,1,0.0392756462097168,200,,,201.0
35,,,,,,,1,0.2139132022857666,400,,,,,,,1,0.04709768295288086,400,,,401.0
46,,,,,,,1,0.23767566680908203,800,,,,,,,1,0.06579947471618652,800,,,801.0
60,,,,,,,1,0.27063798904418945,1400,,,,,,,1,0.09170842170715332,1400,,,1401.0
78,,,,,,,1,0.42774128913879395,2300,,,,,,,1,0.13434123992919922,2300,,,2301.0
101,,,,,,,1,0.42534494400024414,3900,,,,,,,1,0.20578551292419434,3900,,,3901.0
131,,,,,,,1,0.5960218906402588,6700,,,,,,,1,0.33506059646606445,6700,,,6701.0
170,,,,,,,1,1.0060434341430664,11200,,,,,,,1,0.6388282775878906,11200,,,11201.0
221,,,,,,,1,2.028942108154297,19000,,,,,,,1,1.5612576007843018,19000,,,19001.0
287,,,,,,,1,4.5449841022491455,32100,,,,,,,1,3.890204429626465,32100,,,32101.0
373,,,,,,,1,12.48637080192566,54300,,,,,,,1,11.438527822494507,54300,,,54301.0
485,,,,,,,1,32.87183952331543,91800,,,,,,,1,31.254465579986572,91800,,,91801.0
630,,,,,,,1,91.13080310821533,155000,,,,,,,1,88.72300171852112,155000,,,155001.0
16,1,1.3613579273223877,8,1,1.8454811573028564,8,,,,1,0.27239990234375,8,1,0.480541467666626,8,,,,71.71875,101.25,
32,1,1.8813941478729248,12,1,2.4510536193847656,11,,,,1,0.3913300037384033,12,1,0.8267483711242676,11,,,,103.8984375,139.5,
64,1,2.287665367126465,14,1,3.2354328632354736,10,,,,1,0.5104026794433594,14,1,1.2805039882659912,10,,,,119.970703125,129.9375,
128,1,2.893688678741455,15,1,4.097358703613281,8,,,,1,0.639406681060791,15,1,1.8192224502563477,8,,,,127.9921875,107.15625,
256,1,3.7911713123321533,15,1,6.220117568969727,8,,,,1,0.7972562313079834,15,1,2.9660184383392334,8,,,,127.998046875,107.578125,
512,1,5.0761332511901855,15,1,9.31124758720398,7,,,,1,0.9844591617584229,15,1,4.568421363830566,7,,,,127.99951171875,95.8125,
1024,1,10.664517879486084,15,1,17.38844060897827,7,,,,1,1.5217466354370117,15,1,7.991099834442139,7,,,,127.9998779296875,95.90625,
2048,1,29.41186022758484,16,1,42.77745962142944,7,,,,1,3.3795626163482666,16,1,16.208204746246338,7,,,,135.99996757507324,95.953125,
16,,,,,,,1,0.1978754997253418,100,,,,,,,1,0.03462076187133789,100,,,101.0
21,,,,,,,1,0.1980881690979004,200,,,,,,,1,0.038488149642944336,200,,,201.0
27,,,,,,,1,0.3023989200592041,200,,,,,,,1,0.03792858123779297,200,,,201.0
35,,,,,,,1,0.31328654289245605,400,,,,,,,1,0.046688079833984375,400,,,401.0
46,,,,,,,1,0.3338594436645508,800,,,,,,,1,0.06470012664794922,800,,,801.0
60,,,,,,,1,0.3707873821258545,1400,,,,,,,1,0.09235048294067383,1400,,,1401.0
78,,,,,,,1,0.4253363609313965,2300,,,,,,,1,0.13327336311340332,2300,,,2301.0
101,,,,,,,1,0.5198419094085693,3900,,,,,,,1,0.20050787925720215,3900,,,3901.0
131,,,,,,,1,0.7158617973327637,6700,,,,,,,1,0.34186840057373047,6700,,,6701.0
170,,,,,,,1,1.083871841430664,11200,,,,,,,1,0.6399493217468262,11200,,,11201.0
221,,,,,,,1,2.0251240730285645,19000,,,,,,,1,1.561098575592041,19000,,,19001.0
287,,,,,,,1,4.636594772338867,32100,,,,,,,1,3.891585111618042,32100,,,32101.0
373,,,,,,,1,12.4883451461792,54300,,,,,,,1,11.444820404052734,54300,,,54301.0
485,,,,,,,1,32.79181098937988,91800,,,,,,,1,31.254618883132935,91800,,,91801.0
630,,,,,,,1,90.98695874214172,155000,,,,,,,1,88.71604323387146,155000,,,155001.0
16,1,1.3560168743133545,8,1,1.8392033576965332,8,,,,1,0.2669825553894043,8,1,0.47066593170166016,8,,,,71.71875,101.25,
32,1,1.8861684799194336,12,1,2.4524784088134766,11,,,,1,0.3855729103088379,12,1,0.8052084445953369,11,,,,103.8984375,139.5,
64,1,2.2691965103149414,14,1,3.197051763534546,10,,,,1,0.5004115104675293,14,1,1.2678191661834717,10,,,,119.970703125,129.9375,
128,1,2.8948822021484375,15,1,4.204611778259277,8,,,,1,0.6370527744293213,15,1,1.8305292129516602,8,,,,127.9921875,107.15625,
256,1,3.765061855316162,15,1,6.151533842086792,8,,,,1,0.7834494113922119,15,1,2.956132411956787,8,,,,127.998046875,107.578125,
512,1,5.081080675125122,15,1,9.366614580154419,7,,,,1,1.0048801898956299,15,1,4.700180530548096,7,,,,127.99951171875,95.8125,
1024,1,10.328788042068481,15,1,17.730095386505127,7,,,,1,1.5085160732269287,15,1,8.793254852294922,7,,,,127.9998779296875,95.90625,
2048,1,29.402815580368042,16,1,42.63214039802551,7,,,,1,3.401078701019287,16,1,16.224474906921387,7,,,,135.99996757507324,95.953125,
16,,,,,,,1,0.2918705940246582,100,,,,,,,1,0.03319954872131348,100,,,101.0
21,,,,,,,1,0.2993624210357666,200,,,,,,,1,0.037897586822509766,200,,,201.0
27,,,,,,,1,0.29996228218078613,200,,,,,,,1,0.03725743293762207,200,,,201.0
35,,,,,,,1,0.3134276866912842,400,,,,,,,1,0.047009944915771484,400,,,401.0
46,,,,,,,1,0.23897480964660645,800,,,,,,,1,0.06403350830078125,800,,,801.0
60,,,,,,,1,0.372852087020874,1400,,,,,,,1,0.09339570999145508,1400,,,1401.0
78,,,,,,,1,0.3261444568634033,2300,,,,,,,1,0.13315296173095703,2300,,,2301.0
101,,,,,,,1,0.524930477142334,3900,,,,,,,1,0.20479202270507812,3900,,,3901.0
131,,,,,,,1,0.5907154083251953,6700,,,,,,,1,0.333895206451416,6700,,,6701.0
170,,,,,,,1,1.0778679847717285,11200,,,,,,,1,0.6393752098083496,11200,,,11201.0
221,,,,,,,1,2.0032849311828613,19000,,,,,,,1,1.5615441799163818,19000,,,19001.0
287,,,,,,,1,4.5418455600738525,32100,,,,,,,1,3.892540693283081,32100,,,32101.0
373,,,,,,,1,12.38189435005188,54300,,,,,,,1,11.441329956054688,54300,,,54301.0
485,,,,,,,1,32.72420120239258,91800,,,,,,,1,31.26062297821045,91800,,,91801.0
630,,,,,,,1,91.01669526100159,155000,,,,,,,1,88.71543979644775,155000,,,155001.0
16,1,1.3724281787872314,8,1,1.862170934677124,8,,,,1,0.2716095447540283,8,1,0.4766514301300049,8,,,,71.71875,101.25,
32,1,1.8756189346313477,12,1,2.4477920532226562,11,,,,1,0.378892183303833,12,1,0.7964599132537842,11,,,,103.8984375,139.5,
64,1,2.2701961994171143,14,1,3.2539167404174805,10,,,,1,0.5010673999786377,14,1,1.2130186557769775,10,,,,119.970703125,129.9375,
128,1,2.9084436893463135,15,1,4.17471170425415,8,,,,1,0.6365725994110107,15,1,1.8358628749847412,8,,,,127.9921875,107.15625,
256,1,3.7940351963043213,15,1,6.2114458084106445,8,,,,1,0.8017334938049316,15,1,3.006303071975708,8,,,,127.998046875,107.578125,
512,1,5.085070371627808,15,1,9.34858512878418,7,,,,1,0.9898238182067871,15,1,4.719484567642212,7,,,,127.99951171875,95.8125,
1024,1,10.25220799446106,15,1,17.785889625549316,7,,,,1,1.5197093486785889,15,1,8.574995994567871,7,,,,127.9998779296875,95.90625,
2048,1,29.715310096740723,16,1,42.577356815338135,7,,,,1,3.3724403381347656,16,1,16.2299222946167,7,,,,135.99996757507324,95.953125,
16,,,,,,,1,0.2947976589202881,100,,,,,,,1,0.033731698989868164,100,,,101.0
21,,,,,,,1,0.2008366584777832,200,,,,,,,1,0.03808784484863281,200,,,201.0
27,,,,,,,1,0.2028651237487793,200,,,,,,,1,0.03767752647399902,200,,,201.0
35,,,,,,,1,0.311725378036499,400,,,,,,,1,0.04724454879760742,400,,,401.0
46,,,,,,,1,0.33518266677856445,800,,,,,,,1,0.06513285636901855,800,,,801.0
60,,,,,,,1,0.368213415145874,1400,,,,,,,1,0.09263825416564941,1400,,,1401.0
78,,,,,,,1,0.3329439163208008,2300,,,,,,,1,0.1350691318511963,2300,,,2301.0
101,,,,,,,1,0.5233418941497803,3900,,,,,,,1,0.20539474487304688,3900,,,3901.0
131,,,,,,,1,0.6974778175354004,6700,,,,,,,1,0.33262133598327637,6700,,,6701.0
170,,,,,,,1,0.981569766998291,11200,,,,,,,1,0.6419856548309326,11200,,,11201.0
221,,,,,,,1,2.0086472034454346,19000,,,,,,,1,1.5613784790039062,19000,,,19001.0
287,,,,,,,1,4.527989864349365,32100,,,,,,,1,3.8923966884613037,32100,,,32101.0
373,,,,,,,1,12.368659257888794,54300,,,,,,,1,11.433553218841553,54300,,,54301.0
485,,,,,,,1,32.83327555656433,91800,,,,,,,1,31.25808072090149,91800,,,91801.0
630,,,,,,,1,90.98418068885803,155000,,,,,,,1,88.71941018104553,155000,,,155001.0
16,1,1.4154777526855469,8,1,1.8429296016693115,8,,,,1,0.2781517505645752,8,1,0.48928403854370117,8,,,,71.71875,101.25,
32,1,1.8759217262268066,12,1,2.47652530670166,11,,,,1,0.38257622718811035,12,1,0.7993118762969971,11,,,,103.8984375,139.5,
64,1,2.2812976837158203,14,1,3.2733728885650635,10,,,,1,0.5057411193847656,14,1,1.2546792030334473,10,,,,119.970703125,129.9375,
128,1,2.904966354370117,15,1,4.159459829330444,8,,,,1,0.6332645416259766,15,1,1.7602152824401855,8,,,,127.9921875,107.15625,
256,1,3.738408327102661,15,1,6.211146593093872,8,,,,1,0.8145585060119629,15,1,2.9661338329315186,8,,,,127.998046875,107.578125,
512,1,5.091222524642944,15,1,9.262144088745117,7,,,,1,0.9905819892883301,15,1,4.911192178726196,7,,,,127.99951171875,95.8125,
1024,1,10.296450853347778,15,1,17.749666452407837,7,,,,1,1.4982237815856934,15,1,8.444765567779541,7,,,,127.9998779296875,95.90625,
2048,1,29.603809118270874,16,1,42.985615253448486,7,,,,1,3.3768362998962402,16,1,16.169559717178345,7,,,,135.99996757507324,95.953125,
16,,,,,,,1,0.30759286880493164,100,,,,,,,1,0.03410768508911133,100,,,101.0
21,,,,,,,1,0.2993302345275879,200,,,,,,,1,0.03976154327392578,200,,,201.0
27,,,,,,,1,0.29929471015930176,200,,,,,,,1,0.03726649284362793,200,,,201.0
35,,,,,,,1,0.3101317882537842,400,,,,,,,1,0.04676389694213867,400,,,401.0
46,,,,,,,1,0.23807382583618164,800,,,,,,,1,0.06485533714294434,800,,,801.0
60,,,,,,,1,0.3711357116699219,1400,,,,,,,1,0.0918118953704834,1400,,,1401.0
78,,,,,,,1,0.3293788433074951,2300,,,,,,,1,0.13350272178649902,2300,,,2301.0
101,,,,,,,1,0.5223021507263184,3900,,,,,,,1,0.21276521682739258,3900,,,3901.0
131,,,,,,,1,0.7077658176422119,6700,,,,,,,1,0.3419973850250244,6700,,,6701.0
170,,,,,,,1,1.086930751800537,11200,,,,,,,1,0.6398153305053711,11200,,,11201.0
221,,,,,,,1,2.0056560039520264,19000,,,,,,,1,1.561762809753418,19000,,,19001.0
287,,,,,,,1,4.657193899154663,32100,,,,,,,1,3.8917500972747803,32100,,,32101.0
373,,,,,,,1,12.386203050613403,54300,,,,,,,1,11.43535828590393,54300,,,54301.0
485,,,,,,,1,32.82850980758667,91800,,,,,,,1,31.258461475372314,91800,,,91801.0
630,,,,,,,1,91.12578129768372,155000,,,,,,,1,88.72555994987488,155000,,,155001.0
16,1,1.3645226955413818,8,1,1.8471674919128418,8,,,,1,0.27136874198913574,8,1,0.4780268669128418,8,,,,71.71875,101.25,
32,1,1.8745872974395752,12,1,2.446152925491333,11,,,,1,0.3808751106262207,12,1,0.7967379093170166,11,,,,103.8984375,139.5,
64,1,2.2749814987182617,14,1,3.2413077354431152,10,,,,1,0.5076799392700195,14,1,1.2209692001342773,10,,,,119.970703125,129.9375,
128,1,2.914719343185425,15,1,4.118629455566406,8,,,,1,0.6389408111572266,15,1,1.7575058937072754,8,,,,127.9921875,107.15625,
256,1,3.769657611846924,15,1,6.2272727489471436,8,,,,1,0.7846653461456299,15,1,2.9652247428894043,8,,,,127.998046875,107.578125,
512,1,5.080698490142822,15,1,9.372140645980835,7,,,,1,0.9922964572906494,15,1,4.7142322063446045,7,,,,127.99951171875,95.8125,
1024,1,10.84417462348938,15,1,18.130065202713013,7,,,,1,1.5011494159698486,15,1,8.563798666000366,7,,,,127.9998779296875,95.90625,
2048,1,29.774043560028076,16,1,42.95063376426697,7,,,,1,3.3915536403656006,16,1,16.3340961933136,7,,,,135.99996757507324,95.953125,
16,,,,,,,1,0.2945587635040283,100,,,,,,,1,0.03348422050476074,100,,,101.0
21,,,,,,,1,0.30060911178588867,200,,,,,,,1,0.038039207458496094,200,,,201.0
27,,,,,,,1,0.2039964199066162,200,,,,,,,1,0.03794121742248535,200,,,201.0
35,,,,,,,1,0.2137010097503662,400,,,,,,,1,0.046831369400024414,400,,,401.0
46,,,,,,,1,0.33560776710510254,800,,,,,,,1,0.06485891342163086,800,,,801.0
60,,,,,,,1,0.3715226650238037,1400,,,,,,,1,0.09251928329467773,1400,,,1401.0
78,,,,,,,1,0.42661046981811523,2300,,,,,,,1,0.13351154327392578,2300,,,2301.0
101,,,,,,,1,0.5270183086395264,3900,,,,,,,1,0.2090153694152832,3900,,,3901.0
131,,,,,,,1,0.6870744228363037,6700,,,,,,,1,0.33396267890930176,6700,,,6701.0
170,,,,,,,1,1.1006343364715576,11200,,,,,,,1,0.6400179862976074,11200,,,11201.0
221,,,,,,,1,2.121644973754883,19000,,,,,,,1,1.5616428852081299,19000,,,19001.0
287,,,,,,,1,4.532025575637817,32100,,,,,,,1,3.8916571140289307,32100,,,32101.0
373,,,,,,,1,12.38766074180603,54300,,,,,,,1,11.4335196018219,54300,,,54301.0
485,,,,,,,1,32.79395890235901,91800,,,,,,,1,31.261211395263672,91800,,,91801.0
630,,,,,,,1,91.16347026824951,155000,,,,,,,1,88.72070264816284,155000,,,155001.0
16,1,1.3633317947387695,8,1,1.8540804386138916,8,,,,1,0.2693312168121338,8,1,0.47885680198669434,8,,,,71.71875,101.25,
32,1,1.8764317035675049,12,1,2.463118076324463,11,,,,1,0.38359904289245605,12,1,0.7987115383148193,11,,,,103.8984375,139.5,
64,1,2.291396379470825,14,1,3.216222047805786,10,,,,1,0.505932092666626,14,1,1.2520380020141602,10,,,,119.970703125,129.9375,
128,1,2.9057703018188477,15,1,4.177661418914795,8,,,,1,0.6425356864929199,15,1,1.8381600379943848,8,,,,127.9921875,107.15625,
256,1,3.7748944759368896,15,1,6.200967788696289,8,,,,1,0.7928667068481445,15,1,3.0250771045684814,8,,,,127.998046875,107.578125,
512,1,5.085116147994995,15,1,9.306414365768433,7,,,,1,0.9889836311340332,15,1,4.642236232757568,7,,,,127.99951171875,95.8125,
1024,1,10.389709949493408,15,1,17.885619163513184,7,,,,1,1.5030231475830078,15,1,8.568970680236816,7,,,,127.9998779296875,95.90625,
2048,1,29.885122060775757,16,1,43.2607204914093,7,,,,1,3.3817672729492188,16,1,16.329280614852905,7,,,,135.99996757507324,95.953125,
16,,,,,,,1,0.1910867691040039,100,,,,,,,1,0.03283095359802246,100,,,101.0
21,,,,,,,1,0.29987382888793945,200,,,,,,,1,0.03855323791503906,200,,,201.0
27,,,,,,,1,0.30146145820617676,200,,,,,,,1,0.03795194625854492,200,,,201.0
35,,,,,,,1,0.3128366470336914,400,,,,,,,1,0.04756593704223633,400,,,401.0
46,,,,,,,1,0.33478379249572754,800,,,,,,,1,0.0647726058959961,800,,,801.0
60,,,,,,,1,0.36958980560302734,1400,,,,,,,1,0.09186697006225586,1400,,,1401.0
78,,,,,,,1,0.3298470973968506,2300,,,,,,,1,0.13472747802734375,2300,,,2301.0
101,,,,,,,1,0.5242247581481934,3900,,,,,,,1,0.2063910961151123,3900,,,3901.0
131,,,,,,,1,0.5847947597503662,6700,,,,,,,1,0.3262159824371338,6700,,,6701.0
170,,,,,,,1,1.071610450744629,11200,,,,,,,1,0.6387476921081543,11200,,,11201.0
221,,,,,,,1,2.1265697479248047,19000,,,,,,,1,1.5606613159179688,19000,,,19001.0
287,,,,,,,1,4.627617597579956,32100,,,,,,,1,3.891239881515503,32100,,,32101.0
373,,,,,,,1,12.382771730422974,54300,,,,,,,1,11.435870170593262,54300,,,54301.0
485,,,,,,,1,32.82637643814087,91800,,,,,,,1,31.265872478485107,91800,,,91801.0
630,,,,,,,1,91.0068883895874,155000,,,,,,,1,88.69792699813843,155000,,,155001.0
16,1,1.3639376163482666,8,1,1.839843511581421,8,,,,1,0.2663099765777588,8,1,0.4754903316497803,8,,,,71.71875,101.25,
32,1,1.875436544418335,12,1,2.452740430831909,11,,,,1,0.3831522464752197,12,1,0.8058133125305176,11,,,,103.8984375,139.5,
64,1,2.300069570541382,14,1,3.2869229316711426,10,,,,1,0.5059394836425781,14,1,1.275869607925415,10,,,,119.970703125,129.9375,
128,1,2.8984262943267822,15,1,4.176714658737183,8,,,,1,0.6416668891906738,15,1,1.7386879920959473,8,,,,127.9921875,107.15625,
256,1,3.7750048637390137,15,1,6.141062021255493,8,,,,1,0.7896759510040283,15,1,2.9900906085968018,8,,,,127.998046875,107.578125,
512,1,5.130493402481079,15,1,9.115960121154785,7,,,,1,1.0031797885894775,15,1,4.473688840866089,7,,,,127.99951171875,95.8125,
1024,1,10.613386869430542,15,1,18.02827477455139,7,,,,1,1.5116617679595947,15,1,8.562033653259277,7,,,,127.9998779296875,95.90625,
2048,1,29.605252027511597,16,1,41.84960746765137,7,,,,1,3.3652517795562744,16,1,15.352166891098022,7,,,,135.99996757507324,95.953125,
16,,,,,,,1,0.1949629783630371,100,,,,,,,1,0.03332710266113281,100,,,101.0
21,,,,,,,1,0.20024967193603516,200,,,,,,,1,0.03785896301269531,200,,,201.0
27,,,,,,,1,0.20188617706298828,200,,,,,,,1,0.03760194778442383,200,,,201.0
35,,,,,,,1,0.21408820152282715,400,,,,,,,1,0.04675483703613281,400,,,401.0
46,,,,,,,1,0.3348963260650635,800,,,,,,,1,0.06557083129882812,800,,,801.0
60,,,,,,,1,0.27442312240600586,1400,,,,,,,1,0.09302234649658203,1400,,,1401.0
78,,,,,,,1,0.4275014400482178,2300,,,,,,,1,0.13402223587036133,2300,,,2301.0
101,,,,,,,1,0.5282340049743652,3900,,,,,,,1,0.2073826789855957,3900,,,3901.0
131,,,,,,,1,0.6820974349975586,6700,,,,,,,1,0.33460187911987305,6700,,,6701.0
170,,,,,,,1,0.9759633541107178,11200,,,,,,,1,0.6394898891448975,11200,,,11201.0
221,,,,,,,1,2.0248873233795166,19000,,,,,,,1,1.5619432926177979,19000,,,19001.0
287,,,,,,,1,4.525577783584595,32100,,,,,,,1,3.892683744430542,32100,,,32101.0
373,,,,,,,1,12.49568223953247,54300,,,,,,,1,11.435266256332397,54300,,,54301.0
485,,,,,,,1,32.711286306381226,91800,,,,,,,1,31.260696411132812,91800,,,91801.0
630,,,,,,,1,91.10047626495361,155000,,,,,,,1,88.71916556358337,155000,,,155001.0
16,1,1.364729881286621,8,1,1.8350238800048828,8,,,,1,0.2689352035522461,8,1,0.4809393882751465,8,,,,71.71875,101.25,
32,1,1.8732507228851318,12,1,2.4581899642944336,11,,,,1,0.37567853927612305,12,1,0.8139133453369141,11,,,,103.8984375,139.5,
64,1,2.293041944503784,14,1,3.223670244216919,10,,,,1,0.5040566921234131,14,1,1.2278647422790527,10,,,,119.970703125,129.9375,
128,1,2.911017656326294,15,1,4.143712759017944,8,,,,1,0.6369051933288574,15,1,1.765930414199829,8,,,,127.9921875,107.15625,
256,1,3.7866997718811035,15,1,6.214661359786987,8,,,,1,0.7823095321655273,15,1,3.0084779262542725,8,,,,127.998046875,107.578125,
512,1,5.089048862457275,15,1,9.29246997833252,7,,,,1,0.986947774887085,15,1,4.647122859954834,7,,,,127.99951171875,95.8125,
1024,1,10.35383939743042,15,1,17.82347869873047,7,,,,1,1.4969773292541504,15,1,8.557022094726562,7,,,,127.9998779296875,95.90625,
2048,1,29.25947380065918,16,1,42.73238134384155,7,,,,1,3.3684325218200684,16,1,16.120344161987305,7,,,,135.99996757507324,95.953125,
16,,,,,,,1,0.19508600234985352,100,,,,,,,1,0.033266305923461914,100,,,101.0
21,,,,,,,1,0.2994396686553955,200,,,,,,,1,0.03748035430908203,200,,,201.0
27,,,,,,,1,0.20164823532104492,200,,,,,,,1,0.037683963775634766,200,,,201.0
35,,,,,,,1,0.31142330169677734,400,,,,,,,1,0.046912431716918945,400,,,401.0
46,,,,,,,1,0.23801493644714355,800,,,,,,,1,0.06538248062133789,800,,,801.0
60,,,,,,,1,0.36678123474121094,1400,,,,,,,1,0.09054708480834961,1400,,,1401.0
78,,,,,,,1,0.4219839572906494,2300,,,,,,,1,0.1315770149230957,2300,,,2301.0
101,,,,,,,1,0.5222897529602051,3900,,,,,,,1,0.20158791542053223,3900,,,3901.0
131,,,,,,,1,0.690138578414917,6700,,,,,,,1,0.3314211368560791,6700,,,6701.0
170,,,,,,,1,1.082218885421753,11200,,,,,,,1,0.639101505279541,11200,,,11201.0
221,,,,,,,1,2.1142008304595947,19000,,,,,,,1,1.5615155696868896,19000,,,19001.0
287,,,,,,,1,4.519132852554321,32100,,,,,,,1,3.8919196128845215,32100,,,32101.0
373,,,,,,,1,12.380195140838623,54300,,,,,,,1,11.435506582260132,54300,,,54301.0
485,,,,,,,1,32.91406726837158,91800,,,,,,,1,31.260366916656494,91800,,,91801.0
630,,,,,,,1,91.084951877594,155000,,,,,,,1,88.71798491477966,155000,,,155001.0
16,1,1.3672852516174316,8,1,1.8418591022491455,8,,,,1,0.2673065662384033,8,1,0.488523006439209,8,,,,71.71875,101.25,
32,1,1.886124849319458,12,1,2.478764772415161,11,,,,1,0.3786909580230713,12,1,0.794231653213501,11,,,,103.8984375,139.5,
64,1,2.280057191848755,14,1,3.2603116035461426,10,,,,1,0.4988064765930176,14,1,1.27205491065979,10,,,,119.970703125,129.9375,
128,1,2.89497709274292,15,1,4.089690446853638,8,,,,1,0.6318786144256592,15,1,1.7364501953125,8,,,,127.9921875,107.15625,
256,1,3.7775607109069824,15,1,6.071271181106567,8,,,,1,0.7823371887207031,15,1,2.932373046875,8,,,,127.998046875,107.578125,
512,1,5.064026355743408,15,1,9.14319372177124,7,,,,1,0.9958832263946533,15,1,4.708363056182861,7,,,,127.99951171875,95.8125,
1024,1,10.30135178565979,15,1,17.625941276550293,7,,,,1,1.4963123798370361,15,1,8.474685430526733,7,,,,127.9998779296875,95.90625,
2048,1,29.18687891960144,16,1,41.87028646469116,7,,,,1,3.366670608520508,16,1,15.767668008804321,7,,,,135.99996757507324,95.953125,
16,,,,,,,1,0.29294610023498535,100,,,,,,,1,0.033445119857788086,100,,,101.0
21,,,,,,,1,0.29923009872436523,200,,,,,,,1,0.03768444061279297,200,,,201.0
27,,,,,,,1,0.20065093040466309,200,,,,,,,1,0.03752589225769043,200,,,201.0
35,,,,,,,1,0.30794644355773926,400,,,,,,,1,0.04707646369934082,400,,,401.0
46,,,,,,,1,0.33528614044189453,800,,,,,,,1,0.06493091583251953,800,,,801.0
60,,,,,,,1,0.3668832778930664,1400,,,,,,,1,0.09282803535461426,1400,,,1401.0
78,,,,,,,1,0.430356502532959,2300,,,,,,,1,0.13381266593933105,2300,,,2301.0
101,,,,,,,1,0.5225512981414795,3900,,,,,,,1,0.20692706108093262,3900,,,3901.0
131,,,,,,,1,0.6804702281951904,6700,,,,,,,1,0.32846856117248535,6700,,,6701.0
170,,,,,,,1,0.9846253395080566,11200,,,,,,,1,0.6401815414428711,11200,,,11201.0
221,,,,,,,1,2.0283946990966797,19000,,,,,,,1,1.562300443649292,19000,,,19001.0
287,,,,,,,1,4.627345561981201,32100,,,,,,,1,3.8913815021514893,32100,,,32101.0
373,,,,,,,1,12.488730430603027,54300,,,,,,,1,11.434902429580688,54300,,,54301.0
485,,,,,,,1,32.79756426811218,91800,,,,,,,1,31.2586407661438,91800,,,91801.0
630,,,,,,,1,91.08678269386292,155000,,,,,,,1,88.72953653335571,155000,,,155001.0
16,1,1.3578307628631592,8,1,1.8229551315307617,8,,,,1,0.26781725883483887,8,1,0.4748365879058838,8,,,,71.71875,101.25,
32,1,1.879072666168213,12,1,2.4462296962738037,11,,,,1,0.3839876651763916,12,1,0.8043229579925537,11,,,,103.8984375,139.5,
64,1,2.284939765930176,14,1,3.2054381370544434,10,,,,1,0.5041141510009766,14,1,1.2497892379760742,10,,,,119.970703125,129.9375,
128,1,2.9031872749328613,15,1,4.192407846450806,8,,,,1,0.6303510665893555,15,1,1.8111863136291504,8,,,,127.9921875,107.15625,
256,1,3.7784595489501953,15,1,6.19780969619751,8,,,,1,0.7905850410461426,15,1,2.901555061340332,8,,,,127.998046875,107.578125,
512,1,5.109400749206543,15,1,9.122707605361938,7,,,,1,0.9809474945068359,15,1,4.461668968200684,7,,,,127.99951171875,95.8125,
1024,1,10.47388219833374,15,1,17.815592527389526,7,,,,1,1.5089421272277832,15,1,8.488688707351685,7,,,,127.9998779296875,95.90625,
2048,1,29.53315806388855,16,1,42.56499004364014,7,,,,1,3.3643829822540283,16,1,16.293664693832397,7,,,,135.99996757507324,95.953125,
16,,,,,,,1,0.19383454322814941,100,,,,,,,1,0.03311657905578613,100,,,101.0
21,,,,,,,1,0.20011329650878906,200,,,,,,,1,0.03801751136779785,200,,,201.0
27,,,,,,,1,0.20876145362854004,200,,,,,,,1,0.03820228576660156,200,,,201.0
35,,,,,,,1,0.3104701042175293,400,,,,,,,1,0.0466458797454834,400,,,401.0
46,,,,,,,1,0.33565664291381836,800,,,,,,,1,0.06445479393005371,800,,,801.0
60,,,,,,,1,0.27327609062194824,1400,,,,,,,1,0.09250330924987793,1400,,,1401.0
78,,,,,,,1,0.42858290672302246,2300,,,,,,,1,0.1348404884338379,2300,,,2301.0
101,,,,,,,1,0.5184364318847656,3900,,,,,,,1,0.2047877311706543,3900,,,3901.0
131,,,,,,,1,0.599724531173706,6700,,,,,,,1,0.34769201278686523,6700,,,6701.0
170,,,,,,,1,0.990678071975708,11200,,,,,,,1,0.6397397518157959,11200,,,11201.0
221,,,,,,,1,2.1329216957092285,19000,,,,,,,1,1.5619769096374512,19000,,,19001.0
287,,,,,,,1,4.684517860412598,32100,,,,,,,1,3.8915021419525146,32100,,,32101.0
373,,,,,,,1,12.490354776382446,54300,,,,,,,1,11.433713436126709,54300,,,54301.0
485,,,,,,,1,32.80968976020813,91800,,,,,,,1,31.263832092285156,91800,,,91801.0
630,,,,,,,1,91.11856150627136,155000,,,,,,,1,88.71710562705994,155000,,,155001.0
16,1,1.3628935813903809,8,1,1.8471176624298096,8,,,,1,0.27079319953918457,8,1,0.47434306144714355,8,,,,71.71875,101.25,
32,1,1.892737865447998,12,1,2.472081422805786,11,,,,1,0.3923015594482422,12,1,0.8060891628265381,11,,,,103.8984375,139.5,
64,1,2.2930307388305664,14,1,3.2212038040161133,10,,,,1,0.5009000301361084,14,1,1.2129759788513184,10,,,,119.970703125,129.9375,
128,1,2.88811993598938,15,1,4.258360862731934,8,,,,1,0.6755053997039795,15,1,1.804269790649414,8,,,,127.9921875,107.15625,
256,1,3.7826030254364014,15,1,6.499454021453857,8,,,,1,0.8406291007995605,15,1,2.9628608226776123,8,,,,127.998046875,107.578125,
512,1,5.115275621414185,15,1,9.320258378982544,7,,,,1,1.0021989345550537,15,1,4.5338356494903564,7,,,,127.99951171875,95.8125,
1024,1,10.707772254943848,15,1,17.596754550933838,7,,,,1,1.5019283294677734,15,1,7.989116907119751,7,,,,127.9998779296875,95.90625,
2048,1,29.347429275512695,16,1,42.96089243888855,7,,,,1,3.3754396438598633,16,1,15.950079441070557,7,,,,135.99996757507324,95.953125,
16,,,,,,,1,0.29511165618896484,100,,,,,,,1,0.03348493576049805,100,,,101.0
21,,,,,,,1,0.300997257232666,200,,,,,,,1,0.03832530975341797,200,,,201.0
27,,,,,,,1,0.20001459121704102,200,,,,,,,1,0.03811788558959961,200,,,201.0
35,,,,,,,1,0.31253981590270996,400,,,,,,,1,0.04688525199890137,400,,,401.0
46,,,,,,,1,0.23665380477905273,800,,,,,,,1,0.06527543067932129,800,,,801.0
60,,,,,,,1,0.3719480037689209,1400,,,,,,,1,0.09217119216918945,1400,,,1401.0
78,,,,,,,1,0.33133387565612793,2300,,,,,,,1,0.13376379013061523,2300,,,2301.0
101,,,,,,,1,0.520214319229126,3900,,,,,,,1,0.20567011833190918,3900,,,3901.0
131,,,,,,,1,0.691910982131958,6700,,,,,,,1,0.33565402030944824,6700,,,6701.0
170,,,,,,,1,1.0999443531036377,11200,,,,,,,1,0.6387300491333008,11200,,,11201.0
221,,,,,,,1,2.024041175842285,19000,,,,,,,1,1.561645746231079,19000,,,19001.0
287,,,,,,,1,4.537946701049805,32100,,,,,,,1,3.891123056411743,32100,,,32101.0
373,,,,,,,1,12.484682083129883,54300,,,,,,,1,11.434569597244263,54300,,,54301.0
485,,,,,,,1,32.80390667915344,91800,,,,,,,1,31.260626554489136,91800,,,91801.0
630,,,,,,,1,91.07917594909668,155000,,,,,,,1,88.72692656517029,155000,,,155001.0
